Company,Industry,Phone,Email,Website,Rating,Priority,Address
Lake Highlands Dental,dental,(214) 613-1279,email@email.com,https://www.lakehighlandsdental.com/,5,high,"8610 Greenville Ave #150, Dallas, TX 75243, USA"
Highland Park Dental,dental,(214) 521-3730,webreporting@gargle.com,https://www.hpdentist.com/,4.9,high,"6725 Hillcrest Ave Suite B&C, Dallas, TX 75205, USA"
Park Central Dental,dental,(469) 577-0339,splide@4.1.4,https://www.parkcentraldentaltx.com/,5,high,"11411 N Central Expy, Dallas, TX 75243, USA"
North Dallas Smiles,dental,(972) 233-9399,info@northdallassmiles.com,https://northdallassmiles.com/,5,high,"17194 Preston Rd #224, Dallas, TX 75248, USA"
Dallas Designer Smiles,dental,(214) 363-7777,info@dallasdesignersmiles.com,http://www.dallasdesignersmiles.com/,4.9,high,"8222 Douglas Ave #810, Dallas, TX 75225, USA"
Royal Lane Dental Center - Best Dentist in Dallas | Clear Aligners and Veneers in Dallas,dental,(469) 904-2080,bootstrap@4.3.1,https://www.royallanedental.com/,4.9,high,"8499 Greenville Ave #210, Dallas, TX 75231, USA"
Arts Family Dentistry,dental,(469) 981-1700,info@artsfamilydentistry.com,http://artsfamilydentistry.com/,5,high,"803 W Davis St #102, Dallas, TX 75208, USA"
Heritage Family Dentistry - North Dallas,dental,(214) 894-9247,info@hfdnorth.com,https://yourheritagefamilydentistry.com/locations/north-dallas-dentist/,4.9,high,"18111 Preston Rd STE 100, Dallas, TX 75252, USA"
Affordable Dentist Near Me of Dallas,dental,(817) 727-8039,info@affordabledentistnearme.com,https://affordabledentistnearme.com/locations/dallas/,4.6,medium,"14902 Preston Rd STE 401, Dallas, TX 75254, USA"
Dallas Cosmetic Dental,dental,(214) 915-2086,info@dallascosmeticdental.com,https://dallascosmeticdental.com/,5,high,"8226 Douglas Ave SUITE 753, Dallas, TX 75225, USA"
Dental Defenders,dental,(469) 677-2575,dentaldefenders@dfwtxdentalgroup.com,https://www.dentaldefendersdallas.com/,4.8,high,"13536 Preston Rd Suite #108, Dallas, TX 75240, USA"
"Jeffrey V. Jones, DDS",dental,(469) 890-1643,fancybox_loading@2x.gif,https://www.perfectgrin.com/?utm_source=google.com&utm_medium=business+profile&utm_campaign=,4.8,high,"712 N Washington Ave STE 400, Dallas, TX 75246, USA"
Knox Village Dentistry,dental,(214) 265-7771,info@1dentalgrouptx.com,https://1dentalgrouptx.com/locations/knox-village-dentists-in-dallas/,4.8,high,"2325 N Fitzhugh Ave Suite 200, Dallas, TX 75204, USA"
The Dental Method - Dentist of Dallas,dental,(214) 227-6775,dallas@thedentalmethod.com,https://thedentalmethod.com/,4.9,high,"5757 W Lovers Ln #109, Dallas, TX 75209, USA"
Contemporary Dentistry of Dallas,dental,(214) 366-4646,hello@cddallas.com,https://cddallas.com/,5,high,"4347 W Northwest Hwy #128, Dallas, TX 75220, USA"
Ross Avenue Family Dental of Dallas,dental,(469) 210-7223,info@rossavefamilydental.com,https://www.rossavefamilydental.com/,4.9,high,"4540 Ross Ave #140, Dallas, TX 75204, USA"
Bleu Dentistry,dental,(214) 699-4976,info@bleudentist.com,https://www.bleudentist.com/,4.5,medium,"3607 Oak Lawn Ave #250, Dallas, TX 75219, USA"
Prestige Dental Dallas & Implant Center,dental,(214) 702-0163,info@bestdentistindallas.com,https://bestdentistindallas.com/,4.9,high,"12700 Midway Rd Ste. 104, Dallas, TX 75244, USA"
North Dallas Family Dental,dental,(972) 386-6200,your@email.com,http://www.northdallasfamilydental.com/,5,high,"5408 Alpha Rd, Dallas, TX 75240, USA"
Valley View Dental,dental,(972) 241-4684,info@valleyviewdental.info,https://valleyview-dental.com/,4.9,high,"2800 Valley View Ln, Dallas, TX 75234, USA"
Forest Lane Dental of Northwest Dallas,dental,(214) 350-1425,forestlanedental@gmail.com,https://forestlanedentaldallas.com/,4.8,high,"11722 Marsh Ln #349, Dallas, TX 75229, USA"
Bryan Place Dental | Dentistry & Orthodontics,dental,(214) 823-1181,info@1dentalgrouptx.com,https://1dentalgrouptx.com/locations/bryan-dental-clinic-dallas/,4.9,high,"4801 Bryan St Suite 400, Dallas, TX 75204, USA"
Lakewood Family Dental Care - Dallas,dental,(214) 447-3302,insurance@lakewoodfamilydental.com,https://www.lakewoodfamilydental.com/?utm_source=GoogleOrganic&utm_medium=GMBwebsite&utm_campaign=GMBWebsiteLink,4.9,high,"6329 Oram St, Dallas, TX 75214, USA"
Ideal Dental Uptown,dental,(214) 522-4444,splide@4.1.4,https://www.myidealdental.com/uptown/?utm_source=organic&utm_medium=soci&utm_campaign=websiteurl,4.4,low,"4253 Cedar Springs Rd, Dallas, TX 75219, USA"
Fundamental Dental,dental,(972) 360-0096,info@dentaloffice.com,https://www.fundental.com/,5,high,"11613 N Central Expy Suite #111A, Dallas, TX 75243, USA"
Lakewood Dental Group,dental,(214) 827-1885,contact@lwdentist.com,https://www.lwdentist.com/,5,high,"6434 E Mockingbird Ln Ste. 215, Dallas, TX 75214, USA"
Oak Cliff Dental Center,dental,(214) 948-3364,contact@oakcliffdentalcenter.com,https://oakcliffdentalcenter.com/?utm_source=google&utm_medium=social&utm_campaign=Oak+Cliff+Dental+Center&utm_term=Dentist+Bishop+Arts,4.8,high,"Oak Cliff Dental Center, 820 N Zang Blvd #110, Dallas, TX 75208, USA"
Luxe Dental,dental,(214) 416-9931,luxedentalvp@gmail.com,http://www.luxedentaldallas.com/,4.5,medium,"3000 Blackburn St Ste 140A, Dallas, TX 75204, USA"
Katy Trail Dental,dental,(214) 380-9071,info@katytrail.dental,https://www.katytrail.dental/,4.8,high,"3100 Monticello Ave Suite 110, Dallas, TX 75205, USA"
FLOSS Dental of Dallas,dental,(214) 506-2969,infodallas@flossdental.com,https://www.flossdentaldallas.com/,5,high,"5618 Lemmon Ave, Dallas, TX 75209, USA"
HJ Dental,dental,(214) 521-3148,grin@dallasdds.net,https://www.dallasdds.net/,4.9,high,"9301 N Central Expy ste 585 tower 2, Dallas, TX 75231, USA"
Del Rey Dental,dental,(469) 917-7444,delreydentalpllc@gmail.com,https://www.delreydds.com/,5,high,"11525 Jupiter Rd #103, Dallas, TX 75218, USA"
Inwood Village Dental,dental,(214) 352-2777,inwoodvillage@toothemail.com,https://inwoodvillagedental.com/,4.8,high,"5470 W Lovers Ln #332, Dallas, TX 75209, USA"
Waverly Dental | Uptown Dallas,dental,(972) 808-7676,uptown@getwaverly.com,https://getwaverlydental.com/,4.6,medium,"3839 McKinney Ave #130 On, Blackburn St, Dallas, TX 75204, USA"
DNA Dental of Dallas: Darya Timin DDS,dental,(214) 295-9270,info@dnadentaldallas.com,http://www.dnadentaldallas.com/?utm_campaign=gmb,4.9,high,"6162 E Mockingbird Ln # 205, Dallas, TX 75214, USA"
Coco Dental of North Dallas,dental,(972) 818-5649,office@cocodentalcenter.com,https://www.cocodentalcenter.com/,4.9,high,"12835 Preston Rd # 217, Dallas, TX 75230, USA"
Dallas Dental Specialists,dental,(214) 754-0111,info@dallasdentalspecialists.com,http://www.dallasdentalspecialists.com/,5,high,"1130 Beachview St #210, Dallas, TX 75218, USA"
Soleil Dental,dental,(214) 304-2112,info@mysoleildental.com,https://www.mysoleildental.com/,4.8,high,"4807 Maple Ave #300, Dallas, TX 75219, USA"
Dallas Dental Concierge,dental,(214) 396-6190,wght@200..800,https://dallasdentalconcierge.com/,5,high,"4514 Cole Ave #903, Dallas, TX 75205, USA"
White Rock Dental,dental,(214) 348-2320,whiterock@primedds.com,https://primedds.com/dentist/dallas/white-rock-dental/,4.6,medium,"7324 Gaston Ave #121, Dallas, TX 75214, USA"
Fort Worth Dental,dental,(817) 592-8763,info@fortworthdental.com,https://fortworthdental.com/,4.9,high,"4620 Citylake Blvd W, Fort Worth, TX 76132, USA"
Emergency Dental Care USA,dental,(817) 500-5733,fortworth@emergencydental.com,https://www.emergencydental.com/fort-worth/,4.6,medium,"4224 Heritage Trace Pkwy SUITE 304, Fort Worth, TX 76244, USA"
Fort Dental,dental,(817) 292-5957,info@fortdentaltx.com,https://www.fortdentaltx.com/,5,high,"4000 Bryant Irvin Rd, Fort Worth, TX 76109, USA"
Affordable Dentist Near Me of Fort Worth,dental,(817) 496-2343,info@affordabledentistnearme.com,https://affordabledentistnearme.com/locations/fort-worth/,4.8,high,"6426 Meadowbrook Dr, Fort Worth, TX 76112, USA"
Fort Worth Dentist,dental,(817) 893-6470,admin@fortworthdentist.com,https://www.fortworthdentist.com/?utm_source=google&utm_medium=google_business_profile&utm_campaign=website_click,4.8,high,"1612 Pennsylvania Ave, Fort Worth, TX 76104, USA"
Ideal Dental Fort Worth,dental,(817) 337-0021,splide@4.1.4,https://www.myidealdental.com/fort-worth/?utm_source=organic&utm_medium=soci&utm_campaign=websiteurl,4.4,low,"12584 N Beach St Ste 150, Fort Worth, TX 76244, USA"
Freedom Family Dental,dental,(817) 210-6062,aos@2.3.1,https://www.freedomfamilydental.com/location-dentist-fort-worth-tx/,4.9,high,"2401 Heritage Trace Pkwy #121, Fort Worth, TX 76177, USA"
Tangerine Salon,salon,(972) 236-4725,info@tangerinesalon.net,https://www.tangerinesalon.net/dallas-hair-salon,4.9,high,"7949 Walnut Hill Ln #105, Dallas, TX 75230, USA"
Republic Hair Co,salon,(469) 469-0303,info@republichairco.com,https://republichairco.com/,4.9,high,"5323 Greenville Ave #3, Dallas, TX 75206, USA"
House of Dear,salon,(214) 397-0700,careers@houseofdearhairsalon.com,https://houseofdearhairsalon.com/,4.5,medium,"2604 Hibernia St, Dallas, TX 75204, USA"
Salon D,salon,(972) 788-0975,contact@salond.com,https://www.salond.com/?utm_campaign=gmb,4.8,high,"13615 Inwood Rd #160, Dallas, TX 75244, USA"
RAW Hair & Co.,salon,(469) 965-8500,info@rawhairandco.com,http://rawhairandco.com/about/,4.9,high,"223 N Bishop Ave, Dallas, TX 75208, USA"
Voss Salon,salon,(877) 424-6722,thecolony@vosssalon.com,http://www.vosssalon.com/,4.6,medium,"4640 McKinney Ave #190, Dallas, TX 75205, USA"
Ritual Hair Co. Hair salon & Hair Extensions and Headspa,salon,(214) 814-1938,itualdallas@gmail.com,https://www.ritualhaircosalon.com/,5.0,high,"3111 Canton St #120, Dallas, TX 75226, USA"
Derek Sansone Hair,salon,(972) 741-9723,derek.sansone@me.com,http://dereksansonehair.com/,4.9,high,"2715 Fairmount St, Dallas, TX 75201, USA"
Salon 5014,salon,(469) 426-4308,8c4075d5481d476e945486754f783364@sentry.io,http://www.salon5014.com/,4.6,medium,"5014 Miller Ave, Dallas, TX 75206, USA"
Pressed Roots,salon,(978) 707-9545,customerservice@pressedroots.com,https://pressedroots.com/,4.5,medium,"320 Singleton Blvd #160, Dallas, TX 75212, USA"
Bigger Better Hair Salon,salon,(214) 734-6596,support@biggerbetterhair.com,https://biggerbetterhair.com/,4.8,high,"3300 Oak Lawn Ave Suite 102, Dallas, TX 75219, USA"
MANE,salon,(214) 531-9157,hello@manesalondallas.com,http://www.manesalondallas.com/,4.9,high,"5321 E Mockingbird Ln #140, Dallas, TX 75206, USA"
Mark Vang Hair Design,salon,(214) 597-8778,wwwhairbymarkvangcom@yahoo.com,https://www.hairbymarkvang.com/,4.9,high,"15203 Knoll Trail Dr Suite 125, Dallas, TX 75248, USA"
Elévate Hair Parlour,salon,(682) 373-0196,elevatehairparlour@gmail.com,https://elevatehairparlour.glossgenius.com/,5.0,high,"5040 Lemmon Ave #160, Dallas, TX 75209, USA"
La Maison Salon,salon,(214) 907-3298,8c4075d5481d476e945486754f783364@sentry.io,http://www.lamaisondallas.com/,5.0,high,"3716 Bowser Ave, Dallas, TX 75219, USA"
Mane Collective | Invisible Bead Extensions,salon,(972) 266-3466,ashley.seyer@icloud.com,http://manecollectivedallas.com/,5.0,high,"1920 N Haskell Ave., Dallas, TX 75204, USA"
Clark and Company,salon,(214) 242-9250,contact@clarkandcompanysalon.com,http://clarkandcompany.hair/,4.9,high,"1130 Dragon St Ste 170, Dallas, TX 75207, USA"
One Studio Salon,salon,(469) 577-0788,onestudiosalon1@gmail.com,http://www.onestudiosalon.com/,5.0,high,"6110 Luther Ln, Dallas, TX 75225, USA"
My Salon Suite,salon,(682) 877-8483,markerclustererplus@5.0.1,https://www.mysalonsuite.com/deepellum?utm_source=google_business&utm_medium=search&utm_campaign=profile,5.0,high,"2900 Canton St Suite 200, Dallas, TX 75226, USA"
Ritual Space,salon,(972) 827-7194,info@ritualspacedallas.com,http://www.ritualspacedallas.com/,5.0,high,"1005 W Jefferson Blvd suite 402e, Dallas, TX 75208, USA"
Unicorn Hair Queen Extensions,salon,(214) 919-3055,service@unicornhairqueen.com,http://www.unicornhairqueen.com/,4.7,medium,"2811 McKinney Ave #22, Dallas, TX 75204, USA"
Shear Sugar Hair Salon & Extensions,salon,(469) 439-8066,shearsugarsalon@gmail.com,https://www.shearsugarsalon.com/,4.9,high,"7324 Gaston Ave Suite 301 Studio 45, Dallas, TX 75214, USA"
The Songbird Society,salon,(214) 443-3871,heyhey@thesongbirdsociety.com,http://www.thesongbirdsociety.com/,4.8,high,"4631 Insurance Ln, Dallas, TX 75205, USA"
JOHN SALON - Dallas Balayage & Hair Extensions,salon,(972) 762-4784,admin@johnsalon.com,https://johnsalon.com/,4.9,high,"7330 Gaston Ave Suite 103, Dallas, TX 75214, USA"
Salon Culture,salon,(682) 272-2197,info@salonculturedallas.com,https://www.salonculture.com/,4.9,high,"8185 Walnut Hill Ln #1405, Dallas, TX 75231, USA"
Blondtourage Salon,salon,(214) 758-0858,info@blondtouragesalon.com,https://blondtouragesalon.com/,4.5,medium,"13465 Inwood Rd Suite 160, Dallas, TX 75244, USA"
Nayoung Salon ❤️New location ❤️ Balayage Japanese hair straighting Digtalperm Smp tattoo men’s perm Head spa Hairextension),salon,(214) 529-8297,contact@sansoxygen.com,https://nayoungsalon.com/,4.8,high,"15070 E Beltwood Pkwy, Addison, TX 75001, USA"
M M M: Mobile Maintenance Mechanics,auto,(214) 998-8556,mobilemmechanics@outlook.com,https://www.mobilemmechanics.com/,5,high,"350 North St. Paul Street #2905, Dallas, TX 75201, USA"
Texas DFW Automotive Repair & Sales,auto,,texasdfwauto@gmail.com,https://dallasfwautorepair.com/,5,high,"902 N Riverfront Blvd, Dallas, TX 75207, USA"
Duha Garage,auto,(214) 384-9812,react@18.3.1,https://dfwabogadosmagazine.wixsite.com/duhagarage,4.9,high,"530 S Riverfront Blvd, Dallas, TX 75207, USA"
Hinga's Automotive Co,auto,(214) 827-1593,react@18.3.1,http://www.hingasauto.com/,4.4,low,"1703 Chestnut St, Dallas, TX 75226, USA"
Ross Auto & Tire Shop,auto,(214) 826-4158,info@rossautotireshop.com,https://rossautotireshop.com/,4.4,low,"5034 Ross Ave, Dallas, TX 75206, USA"
PRO ROADSIDE,auto,(817) 614-1436,proroadside24@gmail.com,https://www.proroadside247.com/,4.9,high,"2800 Cole Ave Apt# 231, Dallas, TX 75204, USA"
Alternative Motorcars auto care center,auto,(214) 443-7911,cs@mechanicaroundme.com,https://mechanicaroundme.com/,4.5,medium,"2500 Oak Lawn Ave, Dallas, TX 75219, USA"
Skillman AutoCare,auto,(214) 823-3544,cccweb@chevron.com,http://www.texaco.com/,4.5,medium,"1803 Skillman St, Dallas, TX 75206, USA"
Love Field Auto,auto,(214) 902-9996,phone@2x.png,https://lovefieldauto.com/,4.8,high,"8558 Denton Dr, Dallas, TX 75235, USA"
Bimmer Repair,auto,(469) 213-1599,bmwdallasrepair@gmail.com,http://bimmerrepairdallas.com/,4.8,high,"2533 Farrington St, Dallas, TX 75207, USA"
Highlands Auto Center,auto,(972) 233-8882,ico-arrow-down@2x.png,https://www.highlandsautocenterdallas.com/,4.5,medium,"10524 E NW Hwy, Dallas, TX 75238, USA"
Pit Pros Automotive,auto,(214) 528-7767,info@pitpros.com,http://www.pitpros.com/,4.6,medium,"2802 Inwood Rd, Dallas, TX 75235, USA"
On the Road Garage,auto,(469) 923-0255,venobox@2.1.6,http://ontheroadgarage.com/,4.5,medium,"202 W Comstock St, Dallas, TX 75208, USA"
Evolution Auto Concepts - Performance Shop,auto,(972) 764-5821,react@18.3.1,https://www.evolutionautoconcepts.com/,4.6,medium,"1209 Belleview St, Dallas, TX 75215, USA"
Jagrover Concept performance automotive,auto,(214) 272-7052,hello@rfuenzalida.com,https://jagrover.net/,4.8,high,"163 Pittsburg St Suite B, Dallas, TX 75207, USA"
Dallas Brake & Alignment,auto,(214) 884-4232,caleb@dallasbrakeandalignment.com,https://www.dallasbrakeandalignment.net/,4.7,medium,"1530 Market Center Blvd, Dallas, TX 75207, USA"
Taylor Auto Repair,auto,(214) 623-5575,ethan.taylorautorepair@gmail.com,https://taylorautorepairdallas.com/,4.8,high,"13654 Floyd Cir, Dallas, TX 75243, USA"
WindshieldHUB,auto,(214) 225-2468,quotes@windshieldhub.com,https://www.windshieldhub.com/texas/dallas?utm_medium=local&utm_source=google&utm_campaign=gbp&utm_term=dallas,4.9,high,"1910 Pacific Ave Suit 2000, Dallas, TX 75201, USA"
Fort Worth Auto Garage,auto,(817) 818-8385,repair@fortworthautogarage.com,http://www.fortworthautogarage.com/,4.9,high,"8851 West Fwy #105, Fort Worth, TX 76116, USA"
24 Hour Mobile Mechanic,auto,(817) 696-0349,hello@rfuenzalida.com,https://itwillnotstart.com/,4.9,high,"1218 NW 25th St, Fort Worth, TX 76106, USA"
Auto Car Care Center,auto,(817) 332-8243,phone@2x.png,https://www.autocarcarecenter.com/,4.9,high,"2731 W 6th St, Fort Worth, TX 76107, USA"
Texas Mobile Mechanics,auto,(817) 382-2377,react@18.3.1,https://www.texmm.com/,4.7,medium,"2501 E Lancaster Ave, Fort Worth, TX 76103, USA"
The Master's Touch Professional Auto Repair,auto,(817) 560-1963,map-pin@2x.png,http://www.masterstouchautorepair.com/,4.8,high,"8855 West Fwy #201, Fort Worth, TX 76116, USA"
RIVER OAKS CAR CARE,auto,(817) 624-6257,anthonynarez@sbcglobal.net,https://river-oaks-car-care-i3czzadsty74qhiw.builder-preview.com/,4.9,high,"3015 N Main St, Fort Worth, TX 76106, USA"
Jewell Automotive - a Main Street Auto shop,auto,(817) 305-8473,blessyourheart@msauto.com,https://mainstreetauto.com/location/jewell-automotive/,4.8,high,"5044 James Ave, Fort Worth, TX 76115, USA"
Rick & Ray's Auto Plaza,auto,(817) 859-9651,flags@2x.webp,https://rickandraysautoplaza.com/?utm_source=Google+Business+Profile&utm_medium=organic&utm_campaign=Google+Business+Profile,4.5,medium,"2425 Cullen St, Fort Worth, TX 76107, USA"
NuBrakes Mobile Brake Repair,auto,(469) 929-9547,nubrakes-logo@white.4812fe52.svg,https://nubrakes.com/cities/fort-worth-brake-repair/?utm_source=google&utm_medium=GMBlisting&utm_campaign=fort-worth,4.9,high,"1751 River Run Suite 200, Fort Worth, TX 76107, USA"
Wade's Auto Repair LLC,auto,(817) 503-0508,wadesautoinfo@yahoo.com,http://www.wadesqualityautorepairs.com/,4.9,high,"6120 Huddleston St, Haltom City, TX 76137, USA"
Cars Best Care,auto,(972) 374-8747,react@18.3.1,https://cbconthego.com/,4.9,high,"5041 David Strickland Rd Suite 111, Fort Worth, TX 76119, USA"
Top Auto Performance & Automotive,auto,(817) 455-4392,react@18.3.1,https://www.topautoperformance.net/,4.9,high,"5025 Sun Valley Dr, Fort Worth, TX 76119, USA"
Mobile Elite Auto,auto,(817) 637-9160,service@mobileeliteauto.com,http://www.mobileeliteauto.com/,4.9,high,"10361 Alta Vista Rd Suite 431, Fort Worth, TX 76244, USA"
Fort Worth Autowerks LLC,auto,(817) 780-0080,service@fortworthautowerks.com,https://fortworthautowerks.com/,4.9,high,"7500 W Vickery Blvd Ste C, Fort Worth, TX 76116, USA"
Das Premier Auto Service LLC,auto,(817) 941-0548,react@18.3.1,https://www.daspremierauto.com/,5,high,"3401 N Sylvania Ave, Fort Worth, TX 76111, USA"
Lifetime Automotive and body work,auto,(817) 207-9363,lifetimeautocare12@gmail.com,https://lifetimeautomotive.net/,4.7,medium,"4600 Granbury Rd, Fort Worth, TX 76133, USA"
MK's Auto Service LLC,auto,(817) 882-6330,info@mksautoservices.com,https://mksautoservices.com/,4.6,medium,"4113 Benbrook Blvd, Fort Worth, TX 76116, USA"
Family Auto Repair,auto,(817) 923-2811,react@18.3.1,https://jamesautocare.wixsite.com/website,4.4,low,"5108 James Ave, Fort Worth, TX 76115, USA"
DZ Tires | Auto Mechanic,auto,(817) 838-6882,20info@dztires.com,https://dztires.com/,4.8,high,"2526 E Belknap St, Fort Worth, TX 76111, USA"
Road Service 1 Auto Repair,auto,(682) 564-6088,react@18.2.0,https://trucking895.wixsite.com/,4.9,high,"5930 Plum St. Suite #148 and#150, 5930 Plum St Suite #148, Watauga, TX 76148, USA"
Hond-Auto Specialists,auto,(817) 338-2900,hello@rfuenzalida.com,http://hond-auto.com/,4.8,high,"2809 Whitmore St, Fort Worth, TX 76107, USA"
G2 Garage,auto,(682) 499-5972,gary@g2garage.com,https://www.g2garage.com/,4.9,high,"105 Russell St, White Settlement, TX 76108, USA"
PrimeOn Automotive,auto,(817) 984-1600,repair@primeonauto.com,http://www.primeonauto.com/,5,high,"3435 May St, Fort Worth, TX 76110, USA"
Mobile Automotive Solutions LLC,auto,(682) 552-7246,info@mysite.com,https://www.mobileautosolutionsllc.com/,4.9,high,"8533 Big Apple Dr, Fort Worth, TX 76179, USA"
Rolling Garage LLC,auto,(682) 350-5994,react@18.3.1,http://rollinggarageautorepair.com/,4.9,high,"1919 Golden Heights Rd unit 209, Fort Worth, TX 76177, USA"
PEAK PERFORMANCE AUTO REPAIR,auto,(682) 385-9487,peakperformanceaa@gmail.com,https://www.peakautorepaire.com/,4.7,medium,"4121 Mansfield Hwy, Forest Hill, TX 76119, USA"
The Auto Shop,auto,(972) 578-0588,service@theautoshop.com,https://theautoshop.com/,4.6,medium,"2560 E Plano Pkwy, Plano, TX 75074, USA"
Mechanics are us,auto,(817) 479-9916,fancybox@3.5.7,http://www.autohailpros.com/,4.4,low,"3209 Premier Dr #117, Plano, TX 75075, USA"
Marlow Automotive,auto,(972) 633-1299,service@marlowautomotive.com,https://marlowautomotive.com/?utm_source=google&utm_medium=organic&utm_campaign=gbp,4.9,high,"1713 N Central Expy, Plano, TX 75075, USA"
Community Auto Repair Complete Auto Care,auto,(972) 517-0093,mohamadmohamed979@gmail.com,https://www.communityautoplano.com/,4.5,medium,"901 W Spring Creek Pkwy # 100, Plano, TX 75023, USA"
Patriot Express Tire & Oil,auto,(972) 578-1841,contact@example.com,https://patriotexpressauto.com/?utm_source=google&utm_medium=organic&utm_campaign=gmb-profile,4.7,medium,"869 Gabb Rd, Plano, TX 75075, USA"
Sam’s Auto Care,auto,(972) 801-5922,react@18.3.1,https://www.samsautoplano.com/,4.5,medium,"4006 W Plano Pkwy STE 270, Plano, TX 75093, USA"
Tidwell Auto Service,auto,(972) 612-1963,ico-arrow-down@2x.png,https://tidwellautoservice.com/,4.5,medium,"3283 Independence Pkwy, Plano, TX 75075, USA"
Autobahn Service Center,auto,(972) 599-0999,service@yourautobahn.com,http://www.yourautobahn.com/,4.9,high,"2812 Regal Rd, Plano, TX 75075, USA"
Discount Auto & Tire Shop / XTREME ALIGNMENTS,auto,(972) 424-6600,team@latofonts.com,http://xtremealignmentdiscountauto.com/,4.6,medium,"900 E Plano Pkwy ste a, Plano, TX 75074, USA"
Domar Automotive,auto,(469) 779-7020,team@latofonts.com,https://domarautomotive.net/?utm_source=omg-gbp&utm_medium=webclick,4.7,medium,"4006 W Plano Pkwy Suite 135, Plano, TX 75093, USA"
Tommy's European Service & Repair,auto,(972) 954-6362,service@tommyseuro.com,https://www.tommyseuro.com/,4.7,medium,"1100 Summit Ave # 106, Plano, TX 75074, USA"
Auto Clinique,auto,(972) 930-9995,whitedolphin.ca@gmail.com,http://theautoclinique.com/,4.6,medium,"17921 Preston Rd, Dallas, TX 75252, USA"
The Auto Pro Shop,auto,(972) 699-9405,repairs@theautoproshop.com,http://www.theautoproshop.com/,4.6,medium,"670 James Dr, Richardson, TX 75080, USA"
Onsite Auto Repair,auto,(972) 679-5325,onsite1998@aol.com,http://onsiteautorepairs.com/,4.7,medium,"4120 W 15th St #106, Plano, TX 75093, USA"
Bruce The Mechanic,auto,(214) 302-7823,bruce@brucethemechanic.com,http://www.brucethemechanic.com/,4.6,medium,"601 J Pl #300, Plano, TX 75074, USA"
Ace Car Care,auto,(469) 923-5685,acecarcareplano@gmail.com,https://www.acecarcare.com/,4.8,high,"902 K Ave SUITE 105, Plano, TX 75074, USA"
All Star Auto,auto,(972) 633-2886,sales@allstarauto.net,https://allstarauto.net/,5,high,"1100 Summit Ave, Plano, TX 75074, USA"
AMP Allen McKinney Plano Auto Hail Repair,auto,(214) 433-2922,ampautohail@gmail.com,http://www.amphail.com/,4.9,high,"2901 N Central Expy Unit 117, Plano, TX 75075, USA"
Take 5 Oil Change,auto,(682) 999-8798,take5.shop501@take5oilchange.com,https://www.take5.com/locations/oil-change/texas/arlington/30501/?utm_source=google&utm_medium=organic&utm_campaign=gbp_website,4.2,low,"2210 SE Green Oaks Blvd, Arlington, TX 76018, USA"
Take 5 Oil Change,auto,(682) 238-1069,take5.shop502@take5oilchange.com,https://www.take5.com/locations/oil-change/texas/arlington/30502/?utm_source=google&utm_medium=organic&utm_campaign=gbp_website,4.3,low,"5333 Matlock Rd, Arlington, TX 76018, USA"
Valvoline Instant Oil Change,auto,(682) 305-0003,formsubmission@vioc.com,https://store.vioc.com/tx/arlington/1109-e-lamar-blvd?utm_source=google&utm_medium=local&utm_campaign=localsearch,4.8,high,"1109 E Lamar Blvd, Arlington, TX 76011, USA"
Take 5 Oil Change,auto,(682) 248-3508,take5.shop669@take5oilchange.com,https://www.take5.com/locations/oil-change/texas/arlington/30669/,4.8,high,"901 N Cooper St, Arlington, TX 76011, USA"
Valvoline Instant Oil Change,auto,(817) 563-1956,formsubmission@vioc.com,https://store.vioc.com/tx/arlington/4801-w--sublett-road?utm_source=google&utm_medium=local&utm_campaign=localsearch,4.3,low,"4801 W Sublett Rd, Arlington, TX 76017, USA"
Valvoline Instant Oil Change,auto,(817) 200-8402,formsubmission@vioc.com,https://store.vioc.com/tx/arlington/8125-matlock-rd?utm_source=google&utm_medium=local&utm_campaign=localsearch,4.4,low,"8125 Matlock Rd, Arlington, TX 76002, USA"
Take 5 Oil Change,auto,(682) 206-0796,take5.shop925@take5oilchange.com,https://www.take5.com/locations/oil-change/texas/pantego/30925/?utm_source=google&utm_medium=organic&utm_campaign=gbp_website,4.1,low,"2500 W Pioneer Pkwy, Pantego, TX 76013, USA"
Just7 Lube & Auto Service,auto,(817) 419-9100,info@just7.us,http://just7.us/,3.9,low,"6310 S Cooper St, Arlington, TX 76001, USA"
Guaranteed Tire & Auto Service,auto,(817) 265-9896,tireguaranteed@gmail.com,https://guaranteedtireauto.com/,4.5,medium,"2118 E Abram St, Arlington, TX 76010, USA"
Midas,auto,(817) 522-1611,lltg-logo-blue@1x.webp,https://www.midas.com/store/tx/arlington/3120-west-pioneer-parkway-76013?shopnum=5329&utm_source=google&utm_medium=maps&utm_campaign=google+maps&y_source=1_MTE1ODY2OTMtNzE1LWxvY2F0aW9uLndlYnNpdGU%3D,4.8,high,"3120 W Pioneer Pkwy, Arlington, TX 76013, USA"
Advanced Tire & Auto Service,auto,(817) 277-9171,bbbtires@hotmail.com,https://advancedtireandautoservice.com/,4.6,medium,"407 N Cooper St, Arlington, TX 76011, USA"
Pep Boys Auto Service & Tires,auto,(817) 725-8569,contactus@pepboys.com,https://www.pepboys.com/stores/tx/arlington/1212-n-collins-st?Cid=gbp_appt_AN:PB%7CPB:G%7CTT:GBP%7CCG:CONVERSION%7CCD:SERVICE,3.7,low,"1212 N Collins St, Arlington, TX 76011, USA"
Take 5 Oil Change,auto,(682) 738-4532,take5.shop510@take5oilchange.com,https://www.take5.com/locations/oil-change/texas/bedford/30510/?utm_source=google&utm_medium=organic&utm_campaign=gbp_website,4.2,low,"2812 Central Dr, Bedford, TX 76021, USA"
Brother's Air Supply,hvac_batch2,(469) 209-0212,support@brotherairsupply.com,https://brothersairsupply.com/,5,high,"1010 Profit Dr, Garland, TX 75040, USA"
Holland AC and Heating,hvac_batch2,(817) 239-9681,hollandacandheating@gmail.com,https://hollandac.jobbersites.com/,5,high,"838 Wildgrove Dr, Garland, TX 75041, USA"
Michael's Comfort Conditioning,hvac_batch2,(972) 840-2300,mgsaragusa@gmail.com,https://michaelscomfort.com/?utm_source=GBP&utm_medium=organic,5,high,"1113 Chimney Rock Trail, Garland, TX 75043, USA"
Conover Heating & Air,hvac_batch2,(214) 361-9630,conoverair@aol.com,https://conoverair.com/?utm_source=GBP&utm_medium=organic,5,high,"4200 Gus Thomasson Rd Suite 114, Mesquite, TX 75150, USA"
Deluxe Heating & Air Conditioning LLC,hvac_batch2,(469) 432-3777,contact@deluxeheatingairconditioning.com,https://www.deluxeheatingairconditioning.com/,5,high,"2324 Ithaca Dr, Mesquite, TX 75181, USA"
Fissco Supply HVAC - Mesquite,hvac_batch2,(469) 697-5525,websupport@fisscosupply.com,http://fisscosupply.com/,5,high,"2200 Big Town Blvd SUITE 150, Mesquite, TX 75149, USA"
OA Central Air,hvac_batch2,(214) 275-2227,mymail@mailservice.com,https://www.oacentralair.com/?utm_source=local&utm_medium=organic,5,high,"15330 Lyndon B Johnson Fwy Ste 209, Mesquite, TX 75150, USA"
Medley Heating Air Conditioning Plumbing,hvac_batch2,(972) 737-5655,info@medleyac.com,https://www.callmedley.com/?utm_source=organic&utm_medium=gbp&utm_campaign=medley_gbp,5,high,"1711 Briercroft Ct ste 127, Carrollton, TX 75006, USA"
Heat and Air Gurus,hvac_batch2,(469) 797-1269,service@gurusair.com,https://planoheatandairgurus.com/,5,high,"1833 Paxton Dr, Carrollton, TX 75007, USA"
Ugly Dog Heating & Cooling,hvac_batch2,(214) 845-9364,info@uglydogair.com,https://uglydogair.com/?utm_source=gmb&utm_medium=organic&utm_campaign=carrollton,5,high,"3331 Towerwood Dr #305, Farmers Branch, TX 75234, USA"
Norris Heat & Air LLC,hvac_batch2,(214) 254-6701,service@norrisheatandair.com,http://www.norrisheatandair.com/,5,high,"1508 E Belt Line Rd Suite 102, Carrollton, TX 75006, USA"
CityLine Air Conditioning,hvac_batch2,(972) 776-4455,office@citylineairconditioning.com,https://citylineairconditioning.com/?utm_source=GMB&utm_medium=organic,5,high,"1850 N Greenville Ave, Richardson, TX 75081, USA"
ELITE AC Performance,hvac_batch2,(469) 301-8029,info@eliteacpro.com,https://www.eliteacpro.com/,5,high,"777 Central Expy ste 1y, Richardson, TX 75080, USA"
Tex-AC & Heating,hvac_batch2,(469) 851-2665,aos@2.3.1,https://www.texacdfw.com/,5,high,"605 S Sherman St Ste 705K, Richardson, TX 75081, USA"
Spire Heating and Air Conditioning,hvac_batch2,(214) 233-6338,info@spireac.com,https://spireac.com/?utm_source=google&utm_medium=organic&utm_campaign=gbp-profile,5,high,"880 N Dorothy Dr SUITE 804C, Richardson, TX 75081, USA"
The Go 2 Guys Heating & Air,hvac_batch2,(469) 398-8303,webeditor@lokalhq.com,https://thego2guysair.com/?utm_source=google&utm_medium=organic&utm_campaign=gbp-listing,5,high,"1222 N Belt Line Rd, Irving, TX 75061, USA"
Infinity Air Services,hvac_batch2,(214) 995-3100,info@infinityairsvcs.com,https://www.infinityairsvcs.com/,5,high,"515 Lakeside Dr, Irving, TX 75062, USA"
DFW HVAC,hvac_batch2,(817) 242-6688,support@dfwhvac.com,http://www.dfwhvac.com/,5,high,"556 S Coppell Rd Ste 103, Coppell, TX 75019, USA"
Prime AC and Heat,hvac_batch2,(972) 400-3602,e-info@primeacandheat.com,https://www.primeacandheat.com/,5,high,"150 Valley Ridge Blvd Suite #102, Lewisville, TX 75057, USA"
Advantage Air Solutions,hvac_batch2,(972) 436-3660,administration@advantageairsolutions.com,https://www.advantageairsolutions.com/,5,high,"671 S Stemmons Fwy, Lewisville, TX 75067, USA"
Aire Serv of Flower Mound,hvac_batch2,(214) 225-7229,email@domain.com,https://www.aireserv.com/flower-mound/?cid=LSTL_ASV-US000187&utm_source=gmb&utm_campaign=local&utm_medium=organic,5,high,"1865 Mcgee Ln Suite J, Lewisville, TX 75077, USA"
Lion King Heating And Air Conditioning,hvac_batch2,(972) 800-2949,contact@lionkinghvac.com,https://lionkinghvac.com/,5,high,"777 Fairway Dr Apt 727, Coppell, TX 75019, USA"
First Cooling & Heating,hvac_batch2,(972) 433-5453,info@hvacsuperiorservices.com,https://hvacsuperiorservices.com/coppell-tx/,5,high,"833 S Denton Tap Rd #3, Coppell, TX 75019, USA"
JC Heating & Air Conditioning,hvac_batch2,(214) 222-5769,jcheatingairdfw@gmail.com,https://jcactx.com/,5,high,"320 State Hwy 121 #204, Coppell, TX 75019, USA"
Gold AC & Heating Services,hvac_batch2,(817) 631-5227,info@goldenservicecooling.com,https://goldenservicecooling.com/coppell-tx/,5,high,"635 Fritz Dr #232, Coppell, TX 75019, USA"
Cold Factor Heating & Air Services,hvac_batch2,(940) 215-1527,info@coldfactor.com,https://coldfactor.com/service-area/flower-mound-tx/?utm_source=google&utm_medium=gbp&utm_campaign=flower+mound,5,high,"332 Old Gerault Rd, Flower Mound, TX 75028, USA"
plumber1coppell-texas,hvac_batch2,(972) 872-8516,service@plumbercoppelltexas.com,http://plumbercoppelltexas.com/contact-us.html,5,high,"200 Fitness Ct, Coppell, TX 75019, USA"
Berry Best Cooling & Heating,hvac_batch2,(972) 928-9482,comfort@berrybestservices.com,https://www.callberrybest.com/,5,high,"3309 Elm St Suite 259, Dallas, TX 75226, USA"
Complete Cool Air,hvac_batch2,(817) 881-3101,repairs@completecoolair.com,https://completecoolair.com/,5,high,"2410 Nettle Ln, Euless, TX 76039, USA"
Alpha Heating & Cooling Llc.,hvac_batch2,(214) 945-8799,filler@godaddy.com,https://alphahvac.site/,5,high,"1910 Pacific Ave Suite 12000, Dallas, TX 75201, USA"
Mechanical Air Design INC,hvac_batch2,(972) 394-8802,mechairdesign@hotmail.com,http://www.mechanicalairdesign.com/,5,high,"1200 N Main St, Carrollton, TX 75006, USA"
Texas AirZone LLC,hvac_batch2,(214) 851-3886,webadmin@hometownservices.com,https://www.texasairzone.com/?utm_source=google&utm_medium=gbp,5,high,"10763 Mapleridge Dr, Dallas, TX 75238, USA"
Finish Line Mechanical Electrical and Plumbing,hvac_batch2,(817) 953-9968,dispatch@finishlinemep.com,https://finishlinemep.com/,5,high,"2045 Grayson Dr Suite B, Grapevine, TX 76051, USA"
TemperaturePro,hvac_batch2,(469) 485-5115,chosen-sprite@2x.png,http://www.temperatureprodallas.com/?utm_source=google&utm_medium=organic&utm_campaign=gbp-gaston,5,high,"6301 Gaston Ave Suite 1314, Dallas, TX 75214, USA"
Dream Air Conditioning and Heating,hvac_batch2,(214) 778-6461,office@dreamairandheat.com,https://dreamairandheat.com/,5,high,"811 E Plano Pkwy #119, Plano, TX 75074, USA"
