Company,Industry,Phone,Rating,Priority,Address
Park Glen Dental Care,dental,(817) 577-8831,4.9,high,"5421 Basswood Blvd Ste 770, Fort Worth, TX 76137, USA"
Family Dentistry,dental,(469) 241-0350,4.2,low,"1401 Jupiter Rd #103, Plano, TX 75074, USA"
Family Dentistry,dental,(972) 964-3804,4.4,low,"3700 W 15th St # 100A, Plano, TX 75075, USA"
Johnny Rodriguez the Salon,salon,(214) 987-1919,4.6,medium,"5403 W Lovers Ln, Dallas, TX 75209, USA"
Sofie Hair Salon(소피헤어),salon,(972) 484-8989,4.9,high,"2527 Royal Ln # 145B, Dallas, TX 75229, USA"
Linh's Beauty Salon,salon,(817) 834-6655,4.4,low,"4316 E Belknap St, Fort Worth, TX 76117, USA"
Blended and Bare,salon,(940) 327-9109,4.9,high,"3501 Blue Bonnet Cir, Fort Worth, TX 76109, USA"
Salón de Belleza,salon,(214) 566-9952,4.4,low,"101 N Sylvania Ave, Fort Worth, TX 76111, USA"
Collective,salon,(817) 420-9034,4.8,high,"618 S Jennings St, Fort Worth, TX 76104, USA"
Vanna's,salon,(817) 741-5274,4.8,high,"10740 N Beach St, Fort Worth, TX 76244, USA"
Perfec Beauty Salon,salon,(817) 706-0142,4.8,high,"5901 E Lancaster Ave #6557, Fort Worth, TX 76112, USA"
Plano Nail Bar,salon,(214) 501-3513,4.3,low,"2129 W Parker Rd #313, Plano, TX 75023, USA"
Elegant Nails and Spa,salon,(469) 237-1592,4.6,medium,"2011 W Spring Creek Pkwy #1200, Plano, TX 75023, USA"
Cowboys Nail Bar,salon,(972) 473-6777,3.2,low,"2208 Dallas Pkwy #325A, Plano, TX 75093, USA"
KC Nails & Spa,salon,(469) 487-9952,5.0,high,"1820 Coit Rd Ste. 140 Room 102, Plano, TX 75075, USA"
Natali’s Nail Salon,salon,(305) 333-1777,4.9,high,"1725 Eden Valley Ln, Plano, TX 75093, USA"
Plano Nails,salon,(972) 578-1300,4.6,medium,"2380 E Park Blvd # 402, Plano, TX 75074, USA"
A Nail Bar,salon,(972) 612-3333,3.4,low,"3115 W Parker Rd #100, Plano, TX 75023, USA"
Joli Nails,salon,(972) 422-8692,4.5,medium,"3509 E Park Blvd #235, Plano, TX 75074, USA"
Ooh La La Nail Bar,salon,(214) 377-8444,5.0,high,"1871 N Plano Rd, Richardson, TX 75081, USA"
Reign Nail Bar,salon,(469) 543-0084,4.4,low,"6900 Alma Dr # 210, Plano, TX 75023, USA"
Lavish Nail Spa,salon,(972) 905-5246,4.4,low,"1301 Custer Rd #510a, Plano, TX 75075, USA"
Blue-Crystal Nails,salon,(469) 258-2671,5.0,high,"Inside City Salon Suite & Spa of Plano, 5813 Preston Rd Room 207, Plano, TX 75093, USA"
Luxy Nails,salon,(972) 596-6151,3.9,low,"3909 W Parker Rd #101, Plano, TX 75023, USA"
Venus Nails & Spa,salon,(972) 378-5223,3.5,low,"6141 Windhaven Pkwy, Plano, TX 75093, USA"
Nails U Love,salon,(972) 758-7470,4.6,medium,"6205 Coit Rd #332, Plano, TX 75024, USA"
Signature Nail & spa,salon,(972) 377-6669,4.0,low,"9720 Coit Rd #250, Plano, TX 75025, USA"
China Day Spa,salon,(817) 557-3336,4.0,low,"3811 S Cooper St #2008, Arlington, TX 76015, USA"
Lucky Spa,salon,(817) 966-5208,4.0,low,"4794 Little Rd, Arlington, TX 76017, USA"
Jin De Foot Spa,salon,(817) 465-8808,4.6,medium,"3151 S Cooper St #154, Arlington, TX 76015, USA"
MJ Magic Body Sculpting,salon,(214) 952-4980,5.0,high,"517 E Abram St, Arlington, TX 76010, USA"
Motor City Auto Repair,auto,(214) 565-5550,4.9,high,"2939 S Ervay St, Dallas, TX 75215, USA"
Al's Auto Repair Shop,auto,(214) 946-4100,4.8,high,"2111 Fort Worth Ave #1812, Dallas, TX 75211, USA"
Mustang Service Center.,auto,(214) 824-6716,4.9,high,"3613 Live Oak St, Dallas, TX 75204, USA"
GBG Auto Repair & Inspection,auto,(214) 370-0375,4.6,medium,"110 N Peak St, Dallas, TX 75226, USA"
Lovefield Auto Repair,auto,(214) 638-7660,4.2,low,"2444 Inwood Rd Ste A, Dallas, TX 75235, USA"
P V Auto Services,auto,(214) 828-9690,4.6,medium,"1712 N Fitzhugh Ave, Dallas, TX 75204, USA"
El Mundo’s Auto Service,auto,(214) 826-3688,4.8,high,"527 N Haskell Ave., Dallas, TX 75246, USA"
East Side Auto Repair,auto,(469) 508-8974,4.4,low,"4210 Eastside Ave, Dallas, TX 75226, USA"
Ruben's Auto Repair,auto,(469) 648-9496,4.6,medium,"S Peak St, Dallas, TX 75226, USA"
Top Tier Auto Repair,auto,(469) 608-5410,5,high,"2533 Farrington St Suite A, Dallas, TX 75207, USA"
HERCULES AUTO REPAIR,auto,(214) 826-8886,4.1,low,"402 S Carroll Ave, Dallas, TX 75223, USA"
ALEJANDRO CARS REPAIR INC,auto,(214) 434-5899,4.9,high,"5611 Maple Ave Suite B, Dallas, TX 75235, USA"
Ramirez Body Shop & WHEEL ALIGNMENT LLC,auto,(972) 399-6264,4.6,medium,"1443 S Fitzhugh Ave, Dallas, TX 75223, USA"
Nicagarage Auto Repair,auto,(469) 248-0026,4.5,medium,"3102 E Illinois Ave, Dallas, TX 75216, USA"
J & E Express Auto Service,auto,(214) 779-0727,4.9,high,"2220 W Clarendon Dr, Dallas, TX 75208, USA"
Colombia Auto Repair,auto,(214) 821-8118,4.2,low,"113 N Collett Ave, Dallas, TX 75214, USA"
Chacho's Auto Electric,auto,(214) 941-3860,4.6,medium,"1037 S Beckley Ave, Dallas, TX 75203, USA"
Jp Auto Service,auto,(214) 882-4898,4.6,medium,"1602 Rowan Ave, Dallas, TX 75223, USA"
Fuentes auto repair,auto,(972) 503-5990,4.9,high,"5354 W Jefferson Blvd Suit 106, Dallas, TX 75211, USA"
Torres Auto Service,auto,(214) 944-5506,4.4,low,"1201 W Davis St, Dallas, TX 75208, USA"
20-15 Auto Repair,auto,(214) 489-3010,5,high,"4707 E Grand Ave, Dallas, TX 75223, USA"
R & B Automotive,auto,(469) 438-5569,4.5,medium,"955 S Corinth St Rd, Dallas, TX 75203, USA"
Berlini's Automotriz,auto,(214) 531-2752,4.7,medium,"1826 W Commerce St, Dallas, TX 75208, USA"
Joe Vics Automotive Service,auto,(817) 332-1784,5,high,"1900 8th Ave Suite 200, Fort Worth, TX 76110, USA"
Daybreak Auto,auto,(817) 740-1823,4.4,low,"2736 White Settlement Rd, Fort Worth, TX 76107, USA"
Mobile Auto Mechanics of Fworthort,auto,(817) 894-1086,1,low,"1616 E Belknap St, Fort Worth, TX 76102, USA"
All Auto Service & Body,auto,(682) 224-2942,4.9,high,"1600 W Berry St, Fort Worth, TX 76110, USA"
Akil Mobile Mechanic,auto,(817) 983-9338,4.9,high,"2366 S Riverside Dr, Fort Worth, TX 76104, USA"
All Auto Service,auto,(817) 336-9400,4.6,medium,"1024 Alston Ave, Fort Worth, TX 76104, USA"
Fort Worth Automotive Inc,auto,(817) 244-4924,4.7,medium,"4850 Benbrook Blvd, Benbrook, TX 76116, USA"
Eliaser High Tech Auto Repair,auto,(817) 920-9228,4.9,high,"2420 S Jennings St, Fort Worth, TX 76110, USA"
Nykaza Auto Repair,auto,(817) 560-1357,4.8,high,"9700 Camp Bowie W Blvd, Fort Worth, TX 76116, USA"
Midsa Auto,auto,(817) 806-8638,4.9,high,"2416 Decatur Ave, Fort Worth, TX 76106, USA"
Fast Fort Worth Mobile Mechanic,auto,(214) 833-8458,5,high,"111 E Lowden St, Fort Worth, TX 76104, USA"
Ken's Automotive Services,auto,(817) 244-4710,4.9,high,"3016 Joyce Dr, Fort Worth, TX 76116, USA"
Gutierrez Auto Services,auto,(817) 877-4435,4.5,medium,"1009 N Houston St, Fort Worth, TX 76164, USA"
Worth Automotive And Exhaust,auto,(214) 757-9811,4.5,medium,"6100 E Rosedale St, Fort Worth, TX 76112, USA"
Gorecki Auto Service Inc.,auto,(817) 732-8346,4.8,high,"5350 Altamesa Blvd #5924, Fort Worth, TX 76133, USA"
Tri-C Auto zone,auto,(817) 838-8661,4.7,medium,"2601 E Belknap St, Fort Worth, TX 76111, USA"
Parker Auto Care,auto,(972) 905-5244,4.9,high,"800 E Parker Rd SuiteC, Plano, TX 75074, USA"
Allied Auto Works,auto,(972) 578-0189,4.7,medium,"902 K Ave, Plano, TX 75074, USA"
Kwik Kar Legacy,auto,(469) 304-0556,4.8,high,"305 Legacy Dr, Plano, TX 75023, USA"
Roy's Auto,auto,(972) 633-1202,4.8,high,"1103 12th Pl, Plano, TX 75074, USA"
Plano Discount Tire & Auto Repair,auto,(469) 331-6272,4.4,low,"3333 K Ave, Plano, TX 75074, USA"
Pro Quick Lube,auto,(817) 465-5600,4.7,medium,"3624 S Cooper St, Arlington, TX 76015, USA"
Quick Car Lube & Tune,auto,(817) 459-1100,4.5,medium,"1804 N Cooper St, Arlington, TX 76011, USA"
KTC TUNE AND LUBE,auto,(817) 274-0500,4.5,medium,"2321 W Pioneer Pkwy, Pantego, TX 76013, USA"
Valvoline Express Care,auto,(817) 200-6879,4.7,medium,"3022 S Cooper St, Arlington, TX 76015, USA"
Fast Tune & Lube,auto,(817) 460-7722,4.2,low,"2530 E Abram St, Arlington, TX 76010, USA"
Ten Minute Oil Change,auto,(972) 283-9800,4.8,high,"9511 Clark Rd, Dallas, TX 75249, USA"
"All Season Services, Inc.",hvac_batch2,(972) 418-1717,5,high,"2119 Daniel Way, Carrollton, TX 75006, USA"
Irving HVAC Solutions,hvac_batch2,(254) 330-6237,5,high,"1830 E Airport Fwy, Irving, TX 75061, USA"
Ken Murray's,hvac_batch2,(972) 254-7643,5,high,"2733 Conflans Rd, Irving, TX 75061, USA"
Optimum HVAC Services,hvac_batch2,(469) 523-0281,5,high,"1812 N Walton Walker Blvd, Irving, TX 75061, USA"
Grapevine Heating and Cooling Repair,hvac_batch2,(817) 553-1650,5,high,"252 N Main St #390, Grapevine, TX 76051, USA"
Reliable Air Conditioning & Heating Richardson,hvac_batch2,(972) 327-7060,5,high,"319 Hilltop Ave, Richardson, TX 75081, USA"
Irving Heating & Cooling,hvac_batch2,(210) 523-9280,5,high,"1152 Hidden Ridge, Irving, TX 75038, USA"
Hank's Water Heating Repair,hvac_batch2,(817) 632-9445,5,high,"111 E Irving Blvd, Irving, TX 75060, USA"
United Water Heating Repair Irving,hvac_batch2,(817) 809-7006,5,high,"391 Las Colinas Blvd E STE 06, Irving, TX 75039, USA"
Advanced Frisco HVAC Pros,hvac_batch2,(469) 568-0776,5,high,"9812 Presthope Dr, Frisco, TX 75035, USA"
Sanchez Heating & A/C,hvac_batch2,(214) 659-2129,4.9,high,"513 Paldao Dr, Mesquite, TX 75149, USA"
Grapevine Heating & AC Air Conditioning,hvac_batch2,(817) 642-9026,4.9,high,"150 N Main St, Grapevine, TX 76051, USA"
Tony's Heating & Air Conditioning,hvac_batch2,(469) 233-7136,4.8,high,"1714 Annmarie Ct, Garland, TX 75040, USA"
Irving Heating and Air Conditioning,hvac_batch2,(972) 860-9383,4.8,high,"1111 N MacArthur Blvd, Irving, TX 75062, USA"
Frisco Heating and Air Conditioning,hvac_batch2,(469) 922-2915,4.8,high,"6735 Salt Cedar Wy, Frisco, TX 75034, USA"
"Long Electric and Air Conditioning, LLC",hvac_batch2,(972) 259-7414,4.7,medium,"812 W Shady Grove Rd, Irving, TX 75060, USA"
Coppell Heat & Air Conditioning,hvac_batch2,(972) 532-8481,4.4,low,"143 S Denton Tap Rd, Coppell, TX 75019, USA"
E & M Heating & AC Inc,hvac_batch2,(307) 765-2373,2,low,"501 Hunters Ridge Rd, Coppell, TX 75019, USA"
Tank & Tankless Water Heaters Coppell TX,hvac_batch2,(972) 379-9405,,low,"110 W Sandy Lake Rd, Coppell, TX 75019, USA"
